INSERT INTO `MONTADORA` (`ID`, `NOME`) VALUES (1, 'TOYOTA');
INSERT INTO `MONTADORA` (`ID`, `NOME`) VALUES (2, 'VOLKSWAGEN');
INSERT INTO `MONTADORA` (`ID`, `NOME`) VALUES (3, 'FIAT');
INSERT INTO `MONTADORA` (`ID`, `NOME`) VALUES (4, 'AUDI');
INSERT INTO `MONTADORA` (`ID`, `NOME`) VALUES (5, 'FERRARI');
INSERT INTO `MONTADORA` (`ID`, `NOME`) VALUES (6, 'BMW');
INSERT INTO `MONTADORA` (`ID`, `NOME`) VALUES (7, 'CITROEN');
INSERT INTO `MONTADORA` (`ID`, `NOME`) VALUES (8, 'HONDA');
INSERT INTO `MONTADORA` (`ID`, `NOME`) VALUES (9, 'HYUNDAI');
INSERT INTO `MONTADORA` (`ID`, `NOME`) VALUES (10, 'JEEP');
INSERT INTO `MONTADORA` (`ID`, `NOME`) VALUES (11, 'JAGUAR');
INSERT INTO `MONTADORA` (`ID`, `NOME`) VALUES (12, 'RENAULT');
INSERT INTO `MONTADORA` (`ID`, `NOME`) VALUES (13, 'PEUGEOT');
INSERT INTO `MONTADORA` (`ID`, `NOME`) VALUES (14, 'VOLVO');
INSERT INTO `MONTADORA` (`ID`, `NOME`) VALUES (15, 'PORSCHE');

INSERT INTO `COR` (`ID`, `OPCOES`) VALUES (1, 'BRANCO');
INSERT INTO `COR` (`ID`, `OPCOES`) VALUES (2, 'PRATA');
INSERT INTO `COR` (`ID`, `OPCOES`) VALUES (3, 'PRETO');

INSERT INTO `CATEGORIAS` (`ID`, `OPCOES`) VALUES (1, 'PICAPES');
INSERT INTO `CATEGORIAS` (`ID`, `OPCOES`) VALUES (2, 'SUV');
INSERT INTO `CATEGORIAS` (`ID`, `OPCOES`) VALUES (4, 'HATCH');
INSERT INTO `CATEGORIAS` (`ID`, `OPCOES`) VALUES (5, 'SEDAM COMPACTO');
INSERT INTO `CATEGORIAS` (`ID`, `OPCOES`) VALUES (6, 'SEDAM MEDIO');
INSERT INTO `CATEGORIAS` (`ID`, `OPCOES`) VALUES (7, 'CROSSOVER');
INSERT INTO `CATEGORIAS` (`ID`, `OPCOES`) VALUES (8, 'PERUA');
INSERT INTO `CATEGORIAS` (`ID`, `OPCOES`) VALUES (9, 'MINIVAN');
INSERT INTO `CATEGORIAS` (`ID`, `OPCOES`) VALUES (10, 'ESPORTIVO');
INSERT INTO `CATEGORIAS` (`ID`, `OPCOES`) VALUES (11, 'FURGAO');

INSERT INTO `VERSAO` (`ID`, `NOME`) VALUES (1, 'JOY');
INSERT INTO `VERSAO` (`ID`, `NOME`) VALUES (2, 'LS');
INSERT INTO `VERSAO` (`ID`, `NOME`) VALUES (3, 'LT');
INSERT INTO `VERSAO` (`ID`, `NOME`) VALUES (4, 'ADVANTAGE');
INSERT INTO `VERSAO` (`ID`, `NOME`) VALUES (5, 'LTZ');
INSERT INTO `VERSAO` (`ID`, `NOME`) VALUES (6, 'PREMIER');
INSERT INTO `VERSAO` (`ID`, `NOME`) VALUES (7, 'EFFECT');
INSERT INTO `VERSAO` (`ID`, `NOME`) VALUES (8, 'RS');
INSERT INTO `VERSAO` (`ID`, `NOME`) VALUES (9, 'SS');
INSERT INTO `VERSAO` (`ID`, `NOME`) VALUES (10, 'XLS');
INSERT INTO `VERSAO` (`ID`, `NOME`) VALUES (11, 'XLT');

INSERT INTO `CARACTERISTICAS_CARRO` (`ID`, `VERSAO_ID`, `CATEGORIAS_ID`, `COR_ID`, `MONTADORA_ID`, `KM_ANTES_DO_ALUGUEL`) VALUES (4, 5, 2, 2, 1, 10000);
INSERT INTO `CARACTERISTICAS_CARRO` (`ID`, `VERSAO_ID`, `CATEGORIAS_ID`, `COR_ID`, `MONTADORA_ID`, `KM_ANTES_DO_ALUGUEL`) VALUES (5, 9, 1, 1, 10, 11000);
INSERT INTO `CARACTERISTICAS_CARRO` (`ID`, `VERSAO_ID`, `CATEGORIAS_ID`, `COR_ID`, `MONTADORA_ID`, `KM_ANTES_DO_ALUGUEL`) VALUES (6, 2, 10, 1, 8, 20000);
INSERT INTO `CARACTERISTICAS_CARRO` (`ID`, `VERSAO_ID`, `CATEGORIAS_ID`, `COR_ID`, `MONTADORA_ID`, `KM_ANTES_DO_ALUGUEL`) VALUES (7, 4, 2, 2, 11, 100000);
INSERT INTO `CARACTERISTICAS_CARRO` (`ID`, `VERSAO_ID`, `CATEGORIAS_ID`, `COR_ID`, `MONTADORA_ID`, `KM_ANTES_DO_ALUGUEL`) VALUES (8, 7, 5, 3, 15, 210000);

INSERT INTO `CARRO` (`id`, `CARACTERISTICAS_ID`, `STATUS`) VALUES (3, 4, 'DISPONIVEL');
INSERT INTO `CARRO` (`id`, `CARACTERISTICAS_ID`, `STATUS`) VALUES (4, 5, 'MANUTENCAO');
INSERT INTO `CARRO` (`id`, `CARACTERISTICAS_ID`, `STATUS`) VALUES (5, 6, 'DISPONIVEL');
INSERT INTO `CARRO` (`id`, `CARACTERISTICAS_ID`, `STATUS`) VALUES (6, 7, 'ALUGADO');
INSERT INTO `CARRO` (`id`, `CARACTERISTICAS_ID`, `STATUS`) VALUES (7, 8, 'DISPONIVEL');

INSERT INTO `ESTADO` (`ID`, `NOME`) VALUES (1, 'RN');
INSERT INTO `ESTADO` (`ID`, `NOME`) VALUES (2, 'PB');
INSERT INTO `ESTADO` (`ID`, `NOME`) VALUES (3, 'PE');
INSERT INTO `ESTADO` (`ID`, `NOME`) VALUES (4, 'AL');
INSERT INTO `ESTADO` (`ID`, `NOME`) VALUES (5, 'BA');
INSERT INTO `ESTADO` (`ID`, `NOME`) VALUES (6, 'CE');
INSERT INTO `ESTADO` (`ID`, `NOME`) VALUES (7, 'MG');
INSERT INTO `ESTADO` (`ID`, `NOME`) VALUES (8, 'SP');
INSERT INTO `ESTADO` (`ID`, `NOME`) VALUES (9, 'DF');

INSERT INTO `CIDADE` (`ID`, `NOME`) VALUES (4, 'NATAL');
INSERT INTO `CIDADE` (`ID`, `NOME`) VALUES (5, 'RECIFE');
INSERT INTO `CIDADE` (`ID`, `NOME`) VALUES (6, 'JOAO PESSOA');
INSERT INTO `CIDADE` (`ID`, `NOME`) VALUES (7, 'CAMPINA GRANDE');
INSERT INTO `CIDADE` (`ID`, `NOME`) VALUES (8, 'MACEIO');

INSERT INTO `BAIRRO` (`ID`, `NOME`) VALUES (5, 'BAIRRO DOS POETAS');
INSERT INTO `BAIRRO` (`ID`, `NOME`) VALUES (6, 'BANCARIOS');
INSERT INTO `BAIRRO` (`ID`, `NOME`) VALUES (7, 'CONJUNTO DOS PROFESSORES');
INSERT INTO `BAIRRO` (`ID`, `NOME`) VALUES (8, 'NACOES');
INSERT INTO `BAIRRO` (`ID`, `NOME`) VALUES (9, 'POTILANDIA');

INSERT INTO `RUA` (`ID`, `NOME`) VALUES (5, 'RUA MADRID');
INSERT INTO `RUA` (`ID`, `NOME`) VALUES (6, 'RUA BUENOS AIRES');
INSERT INTO `RUA` (`ID`, `NOME`) VALUES (7, 'RUA BRASILIA');
INSERT INTO `RUA` (`ID`, `NOME`) VALUES (8, 'RUA WASHINGTON');
INSERT INTO `RUA` (`ID`, `NOME`) VALUES (9, 'RUA LISBOA');

INSERT INTO `ENDERECO` (`ID`, `NUMERO`, `RUA_ID`, `BAIRRO_ID`, `CIDADE_ID`, `ESTADO_ID`) VALUES (5, 1000, 9, 5, 4, 1);
INSERT INTO `ENDERECO` (`ID`, `NUMERO`, `RUA_ID`, `BAIRRO_ID`, `CIDADE_ID`, `ESTADO_ID`) VALUES (6, 950, 8, 6, 5, 3);
INSERT INTO `ENDERECO` (`ID`, `NUMERO`, `RUA_ID`, `BAIRRO_ID`, `CIDADE_ID`, `ESTADO_ID`) VALUES (7, 900, 7, 7, 6, 2);
INSERT INTO `ENDERECO` (`ID`, `NUMERO`, `RUA_ID`, `BAIRRO_ID`, `CIDADE_ID`, `ESTADO_ID`) VALUES (8, 850, 6, 8, 7, 2);
INSERT INTO `ENDERECO` (`ID`, `NUMERO`, `RUA_ID`, `BAIRRO_ID`, `CIDADE_ID`, `ESTADO_ID`) VALUES (9, 800, 5, 9, 8, 4);

INSERT INTO `UNIDADE` (`ID`, `NOME`, `ENDERECO_ID`) VALUES (5, 'LOJA 1', 5);
INSERT INTO `UNIDADE` (`ID`, `NOME`, `ENDERECO_ID`) VALUES (6, 'LOJA 2', 6);
INSERT INTO `UNIDADE` (`ID`, `NOME`, `ENDERECO_ID`) VALUES (7, 'LOJA 3', 7);
INSERT INTO `UNIDADE` (`ID`, `NOME`, `ENDERECO_ID`) VALUES (8, 'LOJA 4', 8);
INSERT INTO `UNIDADE` (`ID`, `NOME`, `ENDERECO_ID`) VALUES (9, 'LOJA 5', 9);

INSERT INTO `CLIENTE` (`ID`, `NOME`, `CELULAR`, `CPF`, `ENDERECO_ID`, `EMAIL`, `STATUS_CLIENTE`) VALUES (13, 'MATHEUS', '84999999999', '01699999999', 5, 'matheus@gmail.com', 'DISPONIVEL');
INSERT INTO `CLIENTE` (`ID`, `NOME`, `CELULAR`, `CPF`, `ENDERECO_ID`, `EMAIL`, `STATUS_CLIENTE`) VALUES (14, 'JOAO', '84988888888', '01688888888', 6, 'joao@gmail.com', 'DISPONIVEL');
INSERT INTO `CLIENTE` (`ID`, `NOME`, `CELULAR`, `CPF`, `ENDERECO_ID`, `EMAIL`, `STATUS_CLIENTE`) VALUES (15, 'MARIA', '84955555555', '01677777777', 7, 'maria@@gmail.com', 'DISPONIVEL');
INSERT INTO `CLIENTE` (`ID`, `NOME`, `CELULAR`, `CPF`, `ENDERECO_ID`, `EMAIL`, `STATUS_CLIENTE`) VALUES (16, 'JOSE', '84933333333', '01655555555', 8, 'jose@gmail.com', 'INDISPONIVEL');
INSERT INTO `CLIENTE` (`ID`, `NOME`, `CELULAR`, `CPF`, `ENDERECO_ID`, `EMAIL`, `STATUS_CLIENTE`) VALUES (17, 'TERESA', '84922222222', '01633333333', 9, 'teresa@@gmail.com', 'DISPONIVEL');

INSERT INTO `LOCACAO` (`ID`, `UNIDADE_RETIRADA_ID`, `DATA_RETIRADA`, `CLIENTE_ID`, `UNIDADE_DEVOLUCAO_ID`, `DATA_DEVOLUCAO`, `KM_APOS_ALUGUEL`, `CARRO_ID`) VALUES (6, 8, '2023-12-08', 15, 9, '2023-12-15', 20500, 5);
